_id,date(mmm-yy),population_group,returned_from_housing,returned_to_shelter,newly_identified,moved_to_housing,became_inactive,actively_homeless,ageunder16,age16-24,age25-44,age45-64,age65over,gender_male,gender_female,"gender_transgender,non-binary_or_two_spirit",population_group_percentage
1,Jan-18,All Population,46,494,1106,508,862,7958,1233,1111,2901,2291,422,4963,2912,83,100.0%
2,Jan-18,Chronic,11,29,317,111,111,2532,223,346,716,1000,247,1632,870,30,31.8%
3,Jan-18,Refugees,4,32,651,328,75,2408,914,241,961,270,22,1219,1177,12,30.3%
4,Jan-18,Families,0,14,561,321,57,2277,1232,187,687,153,18,968,1308,1,28.6%
5,Jan-18,Youth,12,64,116,44,116,924,0,924,0,0,0,571,312,41,11.6%
6,Jan-18,Single Adult,34,416,429,143,689,4757,0,0,2214,2138,404,3424,1292,41,59.8%
7,Jan-18,Non-refugees,42,462,455,180,787,5550,319,870,1940,2021,400,3744,1735,71,69.7%
8,Feb-18,All Population,78,481,947,489,757,8132,1271,1094,2971,2364,432,5093,2959,80,100.0%
9,Feb-18,Chronic,11,31,217,152,73,2541,202,362,707,1017,253,1652,862,27,31.2%
10,Feb-18,Refugees,8,26,490,345,89,2491,965,253,951,303,19,1264,1214,13,30.6%
11,Feb-18,Families,4,18,435,347,55,2336,1268,197,688,167,16,1007,1328,1,28.7%
12,Feb-18,Youth,19,45,91,28,131,893,0,893,0,0,0,556,301,36,11.0%
13,Feb-18,Single Adult,55,418,421,114,571,4903,0,0,2283,2197,416,3530,1330,43,60.3%
14,Feb-18,Non-refugees,70,455,457,144,668,5641,306,841,2020,2061,413,3829,1745,67,69.4%
15,Mar-18,All Population,64,489,1226,533,736,8607,1414,1115,3214,2429,435,5389,3133,85,100.0%
16,Mar-18,Chronic,11,30,327,175,91,2614,226,377,728,1026,257,1696,889,29,30.4%
17,Mar-18,Refugees,11,24,715,340,70,2826,1121,250,1102,331,22,1416,1392,18,32.8%
18,Mar-18,Families,7,8,651,330,41,2636,1412,210,811,192,11,1141,1495,0,30.6%
19,Mar-18,Youth,17,64,99,44,108,905,0,905,0,0,0,573,291,41,10.5%
20,Mar-18,Single Adult,40,417,476,159,587,5066,0,0,2403,2237,424,3675,1347,44,58.9%
21,Mar-18,Non-refugees,53,465,511,193,666,5781,293,865,2112,2098,413,3973,1741,67,67.2%
22,Apr-18,All Population,59,518,1305,652,760,9033,1615,1126,3377,2459,456,5631,3312,90,100.0%
23,Apr-18,Chronic,10,27,328,217,89,2653,236,381,755,1023,258,1716,901,36,29.4%
24,Apr-18,Refugees,2,31,812,424,72,3170,1321,258,1218,351,22,1562,1590,18,35.1%
25,Apr-18,Families,8,8,747,413,34,2953,1613,217,918,192,13,1273,1680,0,32.7%
26,Apr-18,Youth,18,54,100,41,105,909,0,909,0,0,0,573,293,43,10.1%
27,Apr-18,Single Adult,33,456,458,198,621,5171,0,0,2459,2267,443,3785,1339,47,57.2%
28,Apr-18,Non-refugees,57,487,493,228,688,5863,294,868,2159,2108,434,4069,1722,72,64.9%
29,May-18,All Population,50,484,1469,575,882,9516,1830,1153,3590,2487,456,5838,3583,95,100.0%
30,May-18,Chronic,14,36,269,167,90,2697,242,376,768,1050,261,1731,933,33,28.3%
31,May-18,Refugees,3,33,995,393,110,3694,1552,290,1442,386,24,1802,1876,16,38.8%
32,May-18,Families,3,16,825,390,64,3350,1828,231,1059,221,11,1414,1934,2,35.2%
33,May-18,Youth,10,66,120,35,130,921,0,921,0,0,0,570,305,46,9.7%
34,May-18,Single Adult,37,402,524,150,688,5245,0,0,2531,2266,445,3854,1344,47,55.1%
35,May-18,Non-refugees,47,451,474,182,772,5822,278,863,2148,2101,432,4036,1707,79,61.2%
36,Jun-18,All Population,56,475,1333,624,888,9823,1937,1217,3703,2505,461,5957,3765,101,100.0%
37,Jun-18,Chronic,17,24,316,193,104,2725,272,381,778,1041,253,1742,946,37,27.7%
38,Jun-18,Refugees,6,31,777,461,99,3947,1639,323,1546,410,29,1933,1998,16,40.2%
39,Jun-18,Families,7,14,686,436,61,3568,1937,265,1120,235,11,1510,2056,2,36.3%
40,Jun-18,Youth,18,52,123,32,117,950,0,950,0,0,0,578,321,51,9.7%
41,Jun-18,Single Adult,31,409,524,156,710,5305,0,0,2583,2270,450,3869,1388,48,54.0%
42,Jun-18,Non-refugees,50,444,556,163,789,5876,298,894,2157,2095,432,4024,1767,85,59.8%
43,Jul-18,All Population,73,492,1156,952,929,9602,1835,1213,3651,2446,457,5809,3697,96,100.0%
44,Jul-18,Chronic,18,35,376,248,96,2791,302,384,812,1039,254,1760,994,37,29.1%
45,Jul-18,Refugees,13,22,627,781,97,3725,1499,327,1478,391,30,1823,1886,16,38.8%
46,Jul-18,Families,16,14,600,765,49,3387,1831,259,1058,227,12,1414,1972,1,35.3%
47,Jul-18,Youth,12,63,115,36,127,953,0,953,0,0,0,579,323,51,9.9%
48,Jul-18,Single Adult,45,415,441,151,753,5262,0,0,2593,2219,445,3816,1402,44,54.8%
49,Jul-18,Non-refugees,60,470,529,171,832,5877,336,886,2173,2055,427,3986,1811,80,61.2%
50,Aug-18,All Population,79,486,1214,834,921,9557,1810,1223,3604,2458,462,5763,3701,93,100.0%
51,Aug-18,Chronic,14,34,299,236,109,2766,281,371,815,1030,269,1762,971,33,28.9%
52,Aug-18,Refugees,9,30,634,665,126,3602,1413,333,1424,408,24,1765,1824,13,37.7%
53,Aug-18,Families,14,22,670,628,57,3411,1806,289,1059,243,14,1417,1994,0,35.7%
54,Aug-18,Youth,16,54,122,50,137,934,0,934,0,0,0,555,327,52,9.8%
55,Aug-18,Single Adult,49,410,422,156,727,5212,0,0,2545,2215,448,3791,1380,41,54.5%
56,Aug-18,Non-refugees,70,456,580,169,795,5955,397,890,2180,2050,438,3998,1877,80,62.3%
57,Sep-18,All Population,56,499,1204,883,1037,9341,1721,1171,3477,2507,465,5696,3564,81,100.0%
58,Sep-18,Chronic,13,30,327,275,123,2716,244,362,803,1045,262,1735,946,35,29.1%
59,Sep-18,Refugees,17,20,648,710,266,3304,1272,326,1300,383,23,1657,1636,11,35.4%
60,Sep-18,Families,11,19,646,678,185,3221,1720,284,963,241,13,1362,1859,0,34.5%
61,Sep-18,Youth,10,46,92,29,145,886,0,886,0,0,0,514,327,45,9.5%
62,Sep-18,Single Adult,35,434,466,176,707,5234,0,0,2514,2266,452,3820,1378,36,56.0%
63,Sep-18,Non-refugees,39,479,556,173,771,6037,449,845,2177,2124,442,4039,1928,70,64.6%
64,Oct-18,All Population,68,445,1022,749,933,9144,1609,1180,3403,2475,477,5609,3448,87,100.0%
65,Oct-18,Chronic,12,35,435,227,96,2868,299,370,858,1058,283,1819,1010,39,31.4%
66,Oct-18,Refugees,17,39,494,526,182,3142,1151,330,1261,372,28,1596,1534,12,34.4%
67,Oct-18,Families,21,28,462,551,127,3053,1605,276,917,239,16,1278,1775,0,33.4%
68,Oct-18,Youth,13,51,114,33,111,902,0,902,0,0,0,524,333,45,9.9%
69,Oct-18,Single Adult,34,366,446,165,695,5189,0,0,2486,2236,461,3807,1340,42,56.7%
70,Oct-18,Non-refugees,51,406,528,223,751,6002,458,850,2142,2103,449,4013,1914,75,65.6%
71,Nov-18,All Population,79,639,1308,675,871,9557,1656,1190,3603,2633,475,5899,3556,102,100.0%
72,Nov-18,Chronic,15,32,329,258,105,2840,286,368,842,1074,270,1822,981,37,29.7%
73,Nov-18,Refugees,21,35,653,473,126,3249,1186,341,1301,392,29,1663,1576,10,34.0%
74,Nov-18,Families,22,16,583,467,58,3153,1652,285,942,258,16,1334,1817,2,33.0%
75,Nov-18,Youth,7,57,106,44,109,903,0,903,0,0,0,535,320,48,9.4%
76,Nov-18,Single Adult,50,566,619,164,704,5501,0,0,2661,2375,459,4030,1419,52,57.6%
77,Nov-18,Non-refugees,58,604,655,202,745,6308,470,849,2302,2241,446,4236,1980,92,66.0%
78,Dec-18,All Population,68,553,1152,661,844,9782,1708,1207,3717,2694,456,6046,3636,100,100.0%
79,Dec-18,Chronic,10,40,370,237,111,2906,292,371,867,1100,276,1860,1009,37,29.7%
80,Dec-18,Refugees,19,29,593,473,121,3294,1213,357,1304,392,28,1676,1608,10,33.7%
81,Dec-18,Families,19,11,603,457,78,3258,1708,300,980,255,15,1381,1876,1,33.3%
82,Dec-18,Youth,12,55,97,33,106,906,0,906,0,0,0,544,317,45,9.3%
83,Dec-18,Single Adult,37,487,452,171,660,5618,0,0,2737,2439,441,4121,1443,54,57.4%
84,Dec-18,Non-refugees,49,524,559,188,723,6488,495,850,2413,2302,428,4370,2028,90,66.3%
85,Jan-19,All Population,67,563,1106,578,840,10029,1738,1264,3768,2786,473,6183,3740,106,100.0%
86,Jan-19,Chronic,11,27,532,228,110,3053,369,394,889,1123,278,1937,1076,41,30.4%
87,Jan-19,Refugees,19,32,507,395,139,3309,1217,382,1258,422,30,1676,1620,13,33.0%
88,Jan-19,Families,15,19,487,380,75,3197,1672,313,939,259,14,1352,1843,2,31.9%
89,Jan-19,Youth,13,60,111,50,94,950,0,950,0,0,0,567,339,44,9.5%
90,Jan-19,Single Adult,39,484,508,148,671,5882,0,0,2829,2527,459,4264,1558,60,58.6%
91,Jan-19,Non-refugees,48,531,599,183,701,6720,521,882,2510,2364,443,4507,2120,93,67.0%
92,Feb-19,All Population,63,540,1021,700,907,9982,1676,1233,3756,2833,484,6125,3750,107,100.0%
93,Feb-19,Chronic,14,30,388,274,97,3083,379,394,888,1147,275,1956,1087,40,30.9%
94,Feb-19,Refugees,15,26,499,504,139,3202,1179,348,1229,412,34,1593,1597,12,32.1%
95,Feb-19,Families,6,9,456,498,70,3104,1602,298,935,253,16,1304,1798,2,31.1%
96,Feb-19,Youth,10,46,108,54,108,935,0,935,0,0,0,547,342,46,9.4%
97,Feb-19,Single Adult,47,485,457,148,729,5943,0,0,2821,2580,468,4274,1610,59,59.5%
98,Feb-19,Non-refugees,48,514,522,196,768,6780,497,885,2527,2421,450,4532,2153,95,67.9%
99,Mar-19,All Population,58,532,1162,719,923,10043,1687,1238,3806,2833,479,6161,3773,109,100.0%
100,Mar-19,Chronic,12,28,551,289,91,3287,441,412,959,1191,284,2066,1182,39,32.7%
101,Mar-19,Refugees,9,26,573,500,136,3171,1182,339,1213,406,31,1587,1571,13,31.6%
102,Mar-19,Families,3,17,551,491,81,3106,1614,292,930,253,17,1293,1812,1,30.9%
103,Mar-19,Youth,15,53,126,48,115,945,0,945,0,0,0,560,338,47,9.4%
104,Mar-19,Single Adult,40,462,485,180,727,5992,0,0,2876,2580,462,4308,1623,61,59.7%
105,Mar-19,Non-refugees,49,506,589,219,787,6872,505,899,2593,2427,448,4574,2202,96,68.4%
106,Apr-19,All Population,86,547,1121,704,907,10142,1730,1243,3814,2869,486,6230,3807,105,100.0%
107,Apr-19,Chronic,18,32,409,287,89,3308,431,408,977,1208,284,2075,1193,40,32.6%
108,Apr-19,Refugees,29,37,567,471,109,3219,1208,330,1221,430,30,1605,1600,14,31.7%
109,Apr-19,Families,31,28,541,468,54,3182,1650,292,956,268,16,1335,1846,1,31.4%
110,Apr-19,Youth,15,60,107,49,109,951,0,951,0,0,0,571,333,47,9.4%
111,Apr-19,Single Adult,40,459,473,187,744,6009,0,0,2858,2601,470,4324,1628,57,59.2%
112,Apr-19,Non-refugees,57,510,554,233,798,6923,522,913,2593,2439,456,4625,2207,91,68.3%
113,May-19,All Population,94,508,1221,678,1028,10184,1772,1225,3877,2813,497,6246,3833,105,100.0%
114,May-19,Chronic,30,29,459,304,105,3382,461,406,1002,1221,292,2110,1230,42,33.2%
115,May-19,Refugees,22,26,613,415,133,3323,1248,328,1284,433,30,1676,1634,13,32.6%
116,May-19,Families,16,24,525,416,68,3267,1703,274,997,277,16,1397,1869,1,32.1%
117,May-19,Youth,21,47,157,59,146,950,0,950,0,0,0,563,338,49,9.3%
118,May-19,Single Adult,57,437,539,203,814,5967,0,0,2880,2536,481,4286,1626,55,58.6%
119,May-19,Non-refugees,72,482,608,263,895,6861,524,897,2593,2380,467,4570,2199,92,67.4%
120,Jun-19,All Population,73,459,1057,662,960,10100,1725,1270,3909,2707,489,6189,3812,99,100.0%
121,Jun-19,Chronic,15,26,436,306,121,3388,484,393,1014,1200,297,2105,1246,37,33.5%
122,Jun-19,Refugees,16,28,554,405,118,3392,1241,352,1339,431,29,1714,1663,15,33.6%
123,Jun-19,Families,12,7,365,417,71,3156,1654,272,953,262,15,1347,1808,1,31.2%
124,Jun-19,Youth,18,57,151,50,106,998,0,998,0,0,0,585,367,46,9.9%
125,Jun-19,Single Adult,43,395,541,195,783,5946,0,0,2956,2445,474,4257,1637,52,58.9%
126,Jun-19,Non-refugees,57,431,503,257,842,6708,484,918,2570,2276,460,4475,2149,84,66.4%
127,Jul-19,All Population,63,430,1037,803,1218,9558,1657,1246,3646,2547,462,5854,3613,91,100.0%
128,Jul-19,Chronic,13,35,366,318,150,3314,439,403,985,1190,297,2080,1194,40,34.7%
129,Jul-19,Refugees,8,29,564,582,122,3286,1187,341,1303,430,25,1695,1580,11,34.4%
130,Jul-19,Families,7,22,457,565,72,3007,1586,260,894,254,13,1303,1703,1,31.5%
131,Jul-19,Youth,20,54,128,50,147,984,0,984,0,0,0,594,347,43,10.3%
132,Jul-19,Single Adult,36,354,452,188,999,5567,0,0,2752,2293,449,3957,1563,47,58.2%
133,Jul-19,Non-refugees,55,401,473,221,1096,6272,470,905,2343,2117,437,4159,2033,80,65.6%
134,Aug-19,All Population,60,434,1058,783,944,9322,1607,1220,3505,2522,468,5684,3549,89,100.0%
135,Aug-19,Chronic,12,32,381,285,102,3336,425,396,1001,1212,302,2084,1213,39,35.8%
136,Aug-19,Refugees,11,29,547,589,127,3153,1118,350,1239,420,26,1589,1554,10,33.8%
137,Aug-19,Families,3,20,467,570,35,2900,1528,258,856,246,12,1229,1670,1,31.1%
138,Aug-19,Youth,17,33,133,43,133,961,0,961,0,0,0,570,349,42,10.3%
139,Aug-19,Single Adult,40,381,458,170,776,5461,0,0,2649,2276,456,3885,1530,46,58.6%
140,Aug-19,Non-refugees,49,405,511,194,817,6169,489,870,2266,2102,442,4095,1995,79,66.2%
141,Sep-19,All Population,81,403,1115,834,898,9141,1559,1256,3380,2482,464,5574,3484,83,100.0%
142,Sep-19,Chronic,14,36,408,303,161,3299,423,398,989,1200,289,2053,1207,39,36.1%
143,Sep-19,Refugees,21,29,636,615,126,3094,1057,380,1205,423,29,1565,1519,10,33.8%
144,Sep-19,Families,31,18,533,608,63,2817,1471,266,827,241,12,1193,1624,0,30.8%
145,Sep-19,Youth,15,47,133,28,116,989,0,989,0,0,0,582,371,36,10.8%
146,Sep-19,Single Adult,35,338,449,198,719,5335,0,0,2553,2241,452,3799,1489,47,58.4%
147,Sep-19,Non-refugees,60,374,479,219,772,6047,502,876,2175,2059,435,4009,1965,73,66.2%
148,Oct-19,All Population,69,498,1038,616,868,9206,1549,1219,3443,2524,471,5652,3466,88,100.0%
149,Oct-19,Chronic,11,51,321,281,133,3275,407,384,967,1223,294,2054,1178,43,35.6%
150,Oct-19,Refugees,3,31,559,363,131,3189,1075,378,1266,442,28,1619,1559,11,34.6%
151,Oct-19,Families,6,17,424,412,80,2775,1464,244,829,227,11,1182,1593,0,30.1%
152,Oct-19,Youth,13,39,114,40,119,975,0,975,0,0,0,572,366,37,10.6%
153,Oct-19,Single Adult,50,442,500,164,669,5456,0,0,2614,2297,460,3898,1507,51,59.3%
154,Oct-19,Non-refugees,66,467,479,253,737,6017,474,841,2177,2082,443,4033,1907,77,65.4%
155,Nov-19,All Population,82,658,1036,632,812,9457,1475,1185,3646,2658,493,5834,3530,93,100.0%
156,Nov-19,Chronic,12,68,379,237,138,3320,390,390,1019,1222,299,2093,1184,43,35.1%
157,Nov-19,Refugees,21,43,463,448,126,3133,1021,359,1277,452,24,1574,1549,10,33.1%
158,Nov-19,Families,20,16,346,446,69,2638,1395,226,796,211,10,1081,1557,0,27.9%
159,Nov-19,Youth,11,48,104,29,137,957,0,957,0,0,0,572,350,35,10.1%
160,Nov-19,Single Adult,51,594,586,157,606,5862,0,0,2850,2447,483,4181,1623,58,62.0%
161,Nov-19,Non-refugees,61,615,573,184,686,6324,454,826,2369,2206,469,4260,1981,83,66.9%
162,Dec-19,All Population,77,603,1152,584,732,9914,1480,1216,3887,2815,516,6102,3712,100,100.0%
163,Dec-19,Chronic,15,49,413,207,113,3459,396,418,1081,1260,304,2173,1242,44,34.9%
164,Dec-19,Refugees,20,31,584,427,107,3229,1034,377,1321,472,25,1602,1616,11,32.6%
165,Dec-19,Families,14,14,455,387,71,2661,1401,232,800,218,10,1078,1583,0,26.8%
166,Dec-19,Youth,15,53,107,30,102,983,0,983,0,0,0,585,360,38,9.9%
167,Dec-19,Single Adult,48,536,590,167,559,6270,0,0,3087,2597,506,4439,1769,62,63.2%
168,Dec-19,Non-refugees,57,572,568,157,625,6685,446,839,2566,2343,491,4500,2096,89,67.4%
169,Jan-20,All Population,64,487,901,567,845,9916,1440,1227,3893,2852,504,6083,3737,96,100.0%
170,Jan-20,Chronic,12,47,412,225,133,3471,429,432,1096,1205,307,2186,1245,42,35.0%
171,Jan-20,Refugees,15,25,407,392,107,2941,969,341,1177,427,27,1403,1528,10,29.7%
172,Jan-20,Families,15,10,345,380,75,2706,1438,238,790,231,9,1083,1623,0,27.3%
173,Jan-20,Youth,8,46,103,27,96,987,0,987,0,0,0,584,364,39,10.0%
174,Jan-20,Single Adult,41,431,453,160,674,6223,0,0,3103,2621,495,4416,1750,57,62.8%
175,Jan-20,Non-refugees,49,462,494,175,738,6975,471,886,2716,2425,477,4680,2209,86,70.3%
176,Feb-20,All Population,76,512,959,601,968,9834,1434,1185,3909,2795,511,6035,3695,104,100.0%
177,Feb-20,Chronic,13,28,398,287,144,3412,405,435,1029,1251,309,2148,1204,43,34.7%
178,Feb-20,Refugees,19,28,422,394,107,2902,961,334,1174,407,26,1381,1514,7,29.5%
179,Feb-20,Families,21,19,415,425,49,2686,1434,226,798,219,9,1077,1609,0,27.3%
180,Feb-20,Youth,4,48,90,41,114,957,0,957,0,0,0,567,354,36,9.7%
181,Feb-20,Single Adult,51,445,454,135,805,6191,0,0,3111,2576,502,4391,1732,68,63.0%
182,Feb-20,Non-refugees,57,484,537,207,861,6932,473,851,2735,2388,485,4654,2181,97,70.5%
183,Mar-20,All Population,89,479,900,660,891,9680,1380,1135,3854,2805,506,5965,3606,109,100.0%
184,Mar-20,Chronic,12,26,457,323,140,3467,424,441,1057,1230,315,2187,1238,42,35.8%
185,Mar-20,Refugees,28,27,329,399,85,2787,896,319,1134,412,26,1350,1430,7,28.8%
186,Mar-20,Families,27,23,370,435,46,2636,1379,230,779,238,10,1102,1534,0,27.2%
187,Mar-20,Youth,12,39,96,59,119,905,0,905,0,0,0,535,338,32,9.4%
188,Mar-20,Single Adult,50,417,434,166,726,6139,0,0,3075,2567,496,4328,1734,77,63.4%
189,Mar-20,Non-refugees,61,452,571,261,806,6893,484,816,2720,2393,480,4615,2176,102,71.2%
190,Apr-20,All Population,67,349,469,600,961,8935,1234,1050,3518,2644,489,5507,3330,98,100.0%
191,Apr-20,Chronic,21,21,428,307,121,3467,384,454,1089,1224,317,2212,1212,42,43.1%
192,Apr-20,Refugees,15,20,100,362,98,2452,767,282,1006,376,21,1186,1260,6,30.5%
193,Apr-20,Families,17,27,187,383,61,2514,1226,223,764,278,23,1080,1431,3,31.2%
194,Apr-20,Youth,8,34,52,50,98,828,0,827,0,0,0,495,307,27,10.3%
195,Apr-20,Single Adult,42,288,230,167,802,5593,0,0,2754,2366,466,3932,1592,68,58.5%
196,Apr-20,Non-refugees,52,329,369,238,863,6483,467,768,2512,2268,468,4321,2070,92,69.5%
197,May-20,All Population,57,407,390,497,1015,8207,1093,964,3151,2523,476,5056,3051,100,100.0%
198,May-20,Chronic,22,29,452,256,145,3549,393,449,1143,1239,325,2262,1246,41,43.2%
199,May-20,Refugees,9,18,66,279,86,2172,684,259,861,345,23,1066,1099,7,26.5%
200,May-20,Families,15,20,123,324,69,2217,1037,193,669,284,34,984,1228,5,27.0%
201,May-20,Youth,11,28,44,29,99,769,0,769,0,0,0,453,291,25,9.4%
202,May-20,Single Adult,31,359,223,144,847,5221,0,0,2482,2239,442,3619,1532,70,63.6%
203,May-20,Non-refugees,48,389,324,218,929,6035,409,705,2290,2178,453,3990,1952,93,73.5%
204,Jun-20,All Population,48,324,368,434,798,7668,993,889,2939,2381,466,4747,2822,99,100.0%
205,Jun-20,Chronic,19,36,450,268,125,3615,414,448,1161,1260,332,2310,1266,39,47.1%
206,Jun-20,Refugees,12,16,43,229,93,1917,599,229,760,302,27,961,945,11,25.0%
207,Jun-20,Families,12,29,133,266,94,2089,961,187,622,279,40,940,1144,5,27.2%
208,Jun-20,Youth,11,41,45,39,85,701,0,701,0,0,0,413,259,29,9.1%
209,Jun-20,Single Adult,25,254,190,129,619,4878,0,0,2317,2102,426,3394,1419,65,63.6%
210,Jun-20,Non-refugees,36,308,325,205,705,5751,394,660,2179,2079,439,3786,1877,88,75.0%
211,Jul-20,All Population,87,530,552,512,712,7552,911,878,2962,2331,470,4690,2760,102,100.0%
212,Jul-20,Chronic,27,29,414,302,170,3598,415,439,1135,1279,330,2311,1249,38,47.6%
213,Jul-20,Refugees,22,23,59,308,68,1643,498,209,640,270,26,828,804,11,21.8%
214,Jul-20,Families,29,42,164,326,52,1951,897,176,591,250,37,865,1080,6,25.8%
215,Jul-20,Youth,14,44,55,37,73,693,0,693,0,0,0,403,261,29,9.2%
216,Jul-20,Single Adult,44,444,333,149,587,4908,0,0,2371,2081,433,3422,1419,67,65.0%
217,Jul-20,Non-refugees,65,507,493,204,644,5909,413,669,2322,2061,444,3862,1956,91,78.2%
218,Aug-20,All Population,89,434,628,477,595,7580,879,891,3011,2336,463,4707,2766,107,100.0%
219,Aug-20,Chronic,21,39,504,308,120,3835,440,446,1261,1367,321,2436,1352,47,50.6%
220,Aug-20,Refugees,28,21,79,224,50,1487,449,191,580,243,24,757,718,12,19.6%
221,Aug-20,Families,23,45,213,264,72,1881,872,186,566,226,31,831,1045,5,24.8%
222,Aug-20,Youth,18,32,81,43,75,697,0,697,0,0,0,409,261,27,9.2%
223,Aug-20,Single Adult,48,357,334,170,448,5002,0,0,2445,2110,432,3467,1460,75,66.0%
224,Aug-20,Non-refugees,61,413,549,253,545,6093,430,700,2431,2093,439,3950,2048,95,80.4%
225,Sep-20,All Population,82,385,595,522,584,7572,806,895,2988,2390,493,4709,2757,106,100.0%
226,Sep-20,Chronic,11,38,374,356,102,3776,377,411,1255,1399,334,2431,1299,46,49.9%
227,Sep-20,Refugees,19,24,64,284,50,1412,381,191,568,246,26,755,642,15,18.7%
228,Sep-20,Families,16,22,217,332,71,1615,803,175,476,150,11,662,952,1,21.3%
229,Sep-20,Youth,14,43,87,47,68,713,0,713,0,0,0,427,267,19,9.4%
230,Sep-20,Single Adult,52,320,291,143,445,5244,0,0,2512,2240,482,3620,1538,86,69.3%
231,Sep-20,Non-refugees,63,361,531,238,534,6160,425,704,2420,2144,467,3954,2115,91,81.4%
232,Oct-20,All Population,88,431,636,444,721,7506,764,891,2904,2429,518,4721,2679,106,100.0%
233,Oct-20,Chronic,24,44,296,289,126,3695,301,382,1242,1416,354,2418,1232,45,49.2%
234,Oct-20,Refugees,22,18,49,206,71,1215,305,170,497,220,23,652,550,13,16.2%
235,Oct-20,Families,25,19,210,264,90,1463,735,169,412,136,11,587,875,1,19.5%
236,Oct-20,Youth,14,33,95,38,71,720,0,720,0,0,0,433,265,23,9.6%
237,Oct-20,Single Adult,49,379,331,142,560,5323,0,0,2492,2293,507,3701,1539,82,70.9%
238,Oct-20,Non-refugees,66,413,587,238,650,6291,459,721,2407,2209,495,4069,2129,93,83.8%
239,Nov-20,All Population,53,486,598,405,606,7586,710,889,3001,2482,504,4814,2663,109,100.0%
240,Nov-20,Chronic,12,32,209,250,127,3552,238,365,1172,1429,348,2358,1146,48,46.8%
241,Nov-20,Refugees,6,30,50,147,56,1096,258,163,455,202,18,600,483,13,14.5%
242,Nov-20,Families,9,11,186,240,64,1359,679,174,369,131,6,553,806,0,17.9%
243,Nov-20,Youth,11,40,69,40,71,714,0,714,0,0,0,431,260,23,9.4%
244,Nov-20,Single Adult,33,435,343,125,471,5513,0,0,2632,2351,498,3830,1597,86,72.7%
245,Nov-20,Non-refugees,47,456,548,258,550,6490,452,726,2546,2280,486,4214,2180,96,85.6%
246,Dec-20,All Population,91,484,621,375,606,7741,661,887,3090,2566,537,4977,2649,115,100.0%
247,Dec-20,Chronic,20,35,212,202,71,3533,205,357,1180,1436,355,2353,1128,52,45.6%
248,Dec-20,Refugees,28,21,61,131,51,1024,226,160,423,195,20,570,442,12,13.2%
249,Dec-20,Families,23,27,161,215,64,1288,633,158,355,133,9,537,751,0,16.6%
250,Dec-20,Youth,16,39,80,29,71,729,0,729,0,0,0,440,264,25,9.4%
251,Dec-20,Single Adult,52,418,380,131,471,5724,0,0,2735,2433,528,4000,1634,90,73.9%
252,Dec-20,Non-refugees,63,463,560,244,555,6717,435,727,2667,2371,517,4407,2207,103,86.8%
253,Jan-21,All Population,84,425,647,346,660,7829,619,892,3165,2607,546,5037,2662,130,100.0%
254,Jan-21,Chronic,16,23,303,209,92,3550,203,342,1194,1452,359,2349,1143,58,45.3%
255,Jan-21,Refugees,13,23,66,107,39,995,219,153,406,201,16,564,418,13,12.7%
256,Jan-21,Families,16,15,158,154,67,1239,601,147,351,130,10,510,729,0,15.8%
257,Jan-21,Youth,12,45,89,35,77,752,0,752,0,0,0,448,273,31,9.6%
258,Jan-21,Single Adult,56,365,400,157,516,5838,0,0,2814,2477,536,4079,1660,99,74.6%
259,Jan-21,Non-refugees,71,402,581,239,621,6834,400,739,2759,2406,530,4473,2244,117,87.3%
260,Jan-21,Indigenous,11,99,41,12,90,895,6,96,494,274,25,540,320,35,11.4%
261,Feb-21,All Population,88,389,590,297,670,7871,609,884,3226,2599,553,5079,2650,142,100.0%
262,Feb-21,Chronic,21,26,286,169,86,3601,220,332,1214,1467,368,2382,1158,61,45.8%
263,Feb-21,Refugees,13,22,68,67,39,996,223,148,408,200,17,562,421,13,12.7%
264,Feb-21,Families,17,4,149,125,62,1221,590,139,348,134,10,513,708,0,15.5%
265,Feb-21,Youth,15,39,87,45,66,743,0,743,0,0,0,439,268,36,9.4%
266,Feb-21,Single Adult,56,346,354,127,542,5907,0,0,2878,2465,543,4127,1674,106,75.0%
267,Feb-21,Non-refugees,75,367,522,230,631,6875,386,736,2818,2399,536,4517,2229,129,87.3%
268,Feb-21,Indigenous,8,95,49,35,73,927,5,100,526,266,30,554,335,38,11.8%
269,Mar-21,All Population,71,389,539,341,725,7745,584,863,3186,2573,539,4996,2593,156,100.0%
270,Mar-21,Chronic,18,20,295,186,113,3615,222,320,1234,1478,361,2389,1165,61,46.7%
271,Mar-21,Refugees,12,13,47,80,34,961,227,141,384,194,15,545,406,10,12.4%
272,Mar-21,Families,12,14,113,124,72,1165,570,127,340,121,7,485,679,1,15.0%
273,Mar-21,Youth,20,36,92,52,83,735,0,735,0,0,0,433,258,44,9.5%
274,Mar-21,Single Adult,39,339,334,165,570,5845,0,0,2846,2452,532,4078,1656,111,75.5%
275,Mar-21,Non-refugees,59,376,492,261,691,6784,357,722,2802,2379,524,4451,2187,146,87.6%
276,Mar-21,Indigenous,7,74,39,25,101,912,3,99,513,267,30,537,333,42,11.8%
277,Apr-21,All Population,69,309,480,268,778,7516,573,906,3010,2499,528,4784,2570,162,100.0%
278,Apr-21,Chronic,16,18,283,165,122,3627,217,312,1244,1498,356,2388,1177,62,48.3%
279,Apr-21,Refugees,16,14,41,45,52,939,223,145,374,182,15,534,395,10,12.5%
280,Apr-21,Families,16,13,132,91,76,1157,559,134,332,125,7,485,671,1,15.4%
281,Apr-21,Youth,15,37,95,29,69,771,0,771,0,0,0,446,276,49,10.3%
282,Apr-21,Single Adult,38,259,253,148,633,5588,0,0,2678,2374,521,3853,1623,112,74.3%
283,Apr-21,Non-refugees,53,295,439,223,726,6577,350,761,2636,2317,513,4250,2175,152,87.5%
284,Apr-21,Indigenous,7,57,37,18,131,861,4,94,483,251,29,501,318,42,11.5%
285,May-21,All Population,78,485,626,278,784,7575,569,901,3083,2492,530,4816,2607,152,100.0%
286,May-21,Chronic,16,36,346,159,95,3739,230,308,1318,1520,363,2451,1224,64,49.4%
287,May-21,Refugees,10,22,43,46,30,939,220,144,376,182,17,534,396,9,12.4%
288,May-21,Families,11,22,152,95,69,1173,562,132,343,126,10,486,686,1,15.5%
289,May-21,Youth,23,37,87,33,97,769,0,769,0,0,0,452,271,46,10.2%
290,May-21,Single Adult,44,426,387,150,618,5633,0,0,2740,2366,520,3878,1650,105,74.4%
291,May-21,Non-refugees,68,463,583,232,754,6636,349,757,2707,2310,513,4282,2211,143,87.6%
292,May-21,Indigenous,7,102,66,14,120,888,7,94,502,257,28,501,349,38,11.7%
293,Jun-21,All Population,98,465,719,253,514,8037,618,979,3295,2594,551,5101,2775,161,100.0%
294,Jun-21,Chronic,13,37,320,152,92,3840,226,326,1354,1563,371,2521,1252,67,47.8%
295,Jun-21,Refugees,16,20,105,62,27,998,244,152,390,196,16,549,439,10,12.4%
296,Jun-21,Families,28,13,227,97,50,1276,611,152,360,144,9,527,747,2,15.9%
297,Jun-21,Youth,16,44,102,24,66,826,0,826,0,0,0,484,294,48,10.3%
298,Jun-21,Single Adult,54,408,390,132,398,5935,0,0,2935,2450,542,4090,1734,111,73.8%
299,Jun-21,Non-refugees,82,445,614,191,487,7039,374,827,2905,2398,535,4552,2336,151,87.6%
300,Jun-21,Indigenous,13,105,45,24,74,936,3,104,524,279,26,541,355,40,11.6%
301,Jul-21,All Population,87,453,740,284,637,8322,673,972,3430,2682,565,5274,2889,159,100.0%
302,Jul-21,Chronic,20,39,302,162,108,3904,247,317,1381,1578,381,2565,1270,69,46.9%
303,Jul-21,Refugees,14,22,70,65,28,1014,258,150,390,198,18,556,446,11,12.2%
304,Jul-21,Families,19,13,206,96,50,1356,671,143,385,145,12,553,803,0,16.3%
305,Jul-21,Youth,8,54,97,45,89,829,0,829,0,0,0,492,288,49,10.0%
306,Jul-21,Single Adult,60,386,437,143,498,6137,0,0,3045,2537,553,4229,1798,110,73.7%
307,Jul-21,Non-refugees,73,431,670,219,609,7308,415,822,3040,2484,547,4718,2443,148,87.8%
308,Jul-21,Indigenous,13,90,58,25,95,972,5,108,536,300,23,561,370,41,11.7%
309,Aug-21,All Population,104,452,685,306,728,8479,701,972,3524,2701,581,5368,2958,153,100.0%
310,Aug-21,Chronic,17,21,308,175,146,3915,237,340,1386,1565,387,2571,1274,70,46.2%
311,Aug-21,Refugees,24,25,54,89,39,995,254,143,386,191,21,541,444,10,11.7%
312,Aug-21,Families,26,39,170,138,72,1378,686,147,397,134,14,564,812,2,16.3%
313,Aug-21,Youth,12,36,95,28,107,823,0,823,0,0,0,481,294,48,9.7%
314,Aug-21,Single Adult,66,377,420,140,549,6278,0,0,3127,2567,567,4323,1852,103,74.0%
315,Aug-21,Non-refugees,80,427,631,217,689,7484,447,829,3138,2510,560,4827,2514,143,88.3%
316,Aug-21,Indigenous,15,82,41,17,115,1002,5,114,554,302,27,586,373,43,11.8%
317,Sep-21,All Population,101,433,832,255,753,8760,787,1011,3588,2781,593,5524,3083,153,100.0%
318,Sep-21,Chronic,26,36,259,129,119,3958,230,347,1418,1572,391,2600,1286,72,45.2%
319,Sep-21,Refugees,16,30,185,53,45,1149,312,161,454,199,23,613,525,11,13.1%
320,Sep-21,Families,28,29,299,91,90,1548,772,168,445,149,14,631,915,2,17.7%
321,Sep-21,Youth,13,55,98,42,88,842,0,842,0,0,0,495,297,50,9.6%
322,Sep-21,Single Adult,60,349,435,122,575,6370,0,0,3143,2632,579,4398,1871,101,72.7%
323,Sep-21,Non-refugees,85,403,647,202,708,7611,475,850,3134,2582,570,4911,2558,142,86.9%
324,Sep-21,Indigenous,13,85,53,18,118,1026,8,122,554,310,32,599,379,48,11.7%
325,Oct-21,All Population,80,450,850,270,823,8992,847,1052,3665,2833,595,5665,3175,152,100.0%
326,Oct-21,Chronic,15,49,289,137,135,4010,237,362,1424,1587,400,2630,1307,73,44.6%
327,Oct-21,Refugees,15,26,210,65,38,1301,364,182,519,211,25,691,599,11,14.5%
328,Oct-21,Families,18,31,271,104,60,1700,839,190,486,169,16,703,996,1,18.9%
329,Oct-21,Youth,13,48,109,38,97,861,0,861,0,0,0,508,301,52,9.6%
330,Oct-21,Single Adult,49,371,470,128,666,6431,0,0,3179,2664,579,4454,1878,99,71.5%
331,Oct-21,Non-refugees,65,424,640,205,785,7691,483,870,3146,2622,570,4974,2576,141,85.5%
332,Oct-21,Indigenous,10,93,59,26,127,1053,6,134,573,308,32,628,381,44,11.7%
333,Nov-21,All Population,77,455,783,250,813,9199,849,1060,3753,2921,616,5815,3235,149,100.0%
334,Nov-21,Chronic,17,48,379,144,151,4131,231,371,1486,1620,423,2704,1348,79,44.9%
335,Nov-21,Refugees,17,20,214,65,53,1349,362,187,556,222,22,715,624,10,14.7%
336,Nov-21,Families,14,25,237,136,91,1754,846,205,505,179,19,727,1026,1,19.1%
337,Nov-21,Youth,19,40,80,29,96,855,0,855,0,0,0,492,310,53,9.3%
338,Nov-21,Single Adult,44,390,466,85,626,6590,0,0,3248,2742,597,4596,1899,95,71.6%
339,Nov-21,Non-refugees,60,435,569,185,760,7850,487,873,3197,2699,594,5100,2611,139,85.3%
340,Nov-21,Indigenous,7,99,45,14,134,1070,6,122,573,337,32,644,381,45,11.6%
341,Dec-21,All Population,52,319,806,261,805,9255,901,1054,3733,2930,637,5813,3294,148,100.0%
342,Dec-21,Chronic,11,34,376,151,120,4258,269,385,1507,1663,434,2755,1420,83,46.0%
343,Dec-21,Refugees,10,18,286,73,63,1530,415,204,641,247,23,798,718,14,16.5%
344,Dec-21,Families,7,15,262,125,68,1827,888,200,536,183,20,760,1065,2,19.7%
345,Dec-21,Youth,9,29,99,24,101,850,0,850,0,0,0,480,315,55,9.2%
346,Dec-21,Single Adult,36,275,445,112,636,6578,0,0,3197,2747,617,4573,1914,91,71.1%
347,Dec-21,Non-refugees,42,301,520,188,742,7725,486,850,3092,2683,614,5015,2576,134,83.5%
348,Dec-21,Indigenous,4,56,35,19,128,1043,5,126,545,335,32,624,374,45,11.3%
349,Jan-22,All Population,85,408,741,235,781,9410,909,1055,3807,2987,652,5897,3346,167,100.0%
350,Jan-22,Chronic,27,32,359,131,153,4365,283,385,1561,1686,450,2810,1466,89,46.4%
351,Jan-22,Refugees,14,22,269,61,48,1726,470,229,725,275,27,895,816,15,18.3%
352,Jan-22,Families,11,5,177,112,66,1861,896,204,556,185,20,765,1095,1,19.8%
353,Jan-22,Youth,19,42,91,33,95,851,0,851,0,0,0,479,310,62,9.0%
354,Jan-22,Single Adult,55,361,473,90,620,6698,0,0,3251,2802,632,4653,1941,104,71.2%
355,Jan-22,Non-refugees,71,386,472,174,733,7684,439,826,3082,2712,625,5002,2530,152,81.7%
356,Jan-22,Indigenous,13,102,54,13,123,1098,5,127,577,354,35,666,380,52,11.7%
357,Feb-22,All Population,87,370,780,282,721,9559,920,1096,3843,3045,655,6002,3393,164,100.0%
358,Feb-22,Chronic,25,28,372,130,119,4508,314,388,1603,1754,449,2912,1508,88,47.2%
359,Feb-22,Refugees,22,21,240,117,62,1833,487,261,758,299,28,959,858,16,19.2%
360,Feb-22,Families,11,7,238,142,63,1904,912,213,569,192,18,783,1120,1,19.9%
361,Feb-22,Youth,13,45,104,35,75,882,0,882,0,0,0,488,330,64,9.2%
362,Feb-22,Single Adult,63,318,438,105,583,6773,0,0,3274,2853,637,4731,1943,99,70.9%
363,Feb-22,Non-refugees,65,349,540,165,659,7726,433,835,3085,2746,627,5043,2535,148,80.8%
364,Feb-22,Indigenous,15,90,57,18,98,1159,6,134,614,368,37,712,397,50,12.1%
365,Mar-22,All Population,101,349,954,321,673,9933,1012,1165,3991,3104,661,6187,3584,162,100.0%
366,Mar-22,Chronic,18,26,468,175,138,4686,345,417,1640,1836,448,2998,1598,90,47.2%
367,Mar-22,Refugees,27,20,421,131,72,2099,582,312,837,337,31,1082,1003,14,21.1%
368,Mar-22,Families,30,25,404,171,71,2115,1006,248,622,221,18,886,1226,3,21.3%
369,Mar-22,Youth,16,35,108,29,75,913,0,913,0,0,0,511,342,60,9.2%
370,Mar-22,Single Adult,55,289,442,121,527,6905,0,0,3369,2883,643,4790,2016,99,69.5%
371,Mar-22,Non-refugees,74,329,533,190,601,7834,430,853,3154,2767,630,5105,2581,148,78.9%
372,Mar-22,Indigenous,10,69,52,17,115,1193,6,140,647,358,42,724,415,54,12.0%
373,Apr-22,All Population,77,316,718,283,803,9913,1053,1175,3919,3104,662,6173,3585,155,100.0%
374,Apr-22,Chronic,12,27,415,161,167,4778,364,441,1666,1870,437,3044,1645,89,48.2%
375,Apr-22,Refugees,7,24,309,91,89,2263,631,333,885,381,33,1169,1079,15,22.8%
376,Apr-22,Families,17,11,279,136,76,2208,1045,267,644,235,17,947,1258,3,22.3%
377,Apr-22,Youth,9,29,91,17,96,908,0,908,0,0,0,503,351,54,9.2%
378,Apr-22,Single Adult,51,276,348,130,631,6797,0,0,3275,2869,645,4723,1976,98,68.6%
379,Apr-22,Non-refugees,70,292,409,192,714,7650,422,842,3034,2723,629,5004,2506,140,77.2%
380,Apr-22,Indigenous,15,77,27,19,162,1153,3,121,643,343,43,708,394,51,11.6%
381,May-22,All Population,82,309,740,333,939,9732,1073,1180,3757,3057,665,6004,3580,148,100.0%
382,May-22,Chronic,9,37,471,217,172,4885,392,478,1653,1905,457,3090,1709,86,50.2%
383,May-22,Refugees,23,21,285,127,96,2379,655,355,929,402,38,1243,1126,10,24.4%
384,May-22,Families,23,14,226,144,69,2260,1064,272,658,247,19,977,1282,1,23.2%
385,May-22,Youth,10,40,91,23,102,907,0,907,0,0,0,499,353,55,9.3%
386,May-22,Single Adult,49,255,423,166,768,6565,0,0,3099,2810,646,4528,1945,92,67.5%
387,May-22,Non-refugees,59,288,455,206,843,7353,418,825,2828,2655,627,4761,2454,138,75.6%
388,May-22,Indigenous,6,81,44,20,155,1130,3,122,615,352,38,689,396,45,11.6%
389,Jun-22,All Population,81,382,779,373,791,9752,1091,1193,3780,3014,674,5966,3636,150,100.0%
390,Jun-22,Chronic,17,55,395,199,190,4916,415,482,1659,1896,464,3105,1716,95,50.4%
391,Jun-22,Refugees,20,21,285,175,79,2449,675,360,977,398,39,1281,1156,12,25.1%
392,Jun-22,Families,9,13,252,201,100,2218,1052,261,655,231,19,963,1253,2,22.7%
393,Jun-22,Youth,16,37,100,27,81,932,0,932,0,0,0,501,375,56,9.6%
394,Jun-22,Single Adult,56,332,427,145,610,6602,0,0,3125,2783,655,4502,2008,92,67.7%
395,Jun-22,Non-refugees,61,361,494,198,712,7303,416,833,2803,2616,635,4685,2480,138,74.9%
396,Jun-22,Indigenous,9,80,42,17,144,1103,3,125,590,352,33,652,410,41,11.3%
397,Jul-22,All Population,74,277,814,344,762,9768,1125,1165,3830,2974,674,5920,3701,147,100.0%
398,Jul-22,Chronic,10,31,388,225,209,4901,408,495,1634,1888,476,3094,1715,92,50.2%
399,Jul-22,Refugees,16,16,396,164,81,2638,696,374,1113,416,39,1362,1264,12,27.0%
400,Jul-22,Families,19,21,262,181,78,2274,1088,265,668,234,19,971,1301,2,23.3%
401,Jul-22,Youth,10,18,77,33,77,899,0,899,0,0,0,481,366,52,9.2%
402,Jul-22,Single Adult,45,238,475,130,607,6595,0,0,3162,2740,655,4468,2034,93,67.5%
403,Jul-22,Non-refugees,58,261,418,180,681,7130,429,791,2717,2558,635,4558,2437,135,73.0%
404,Jul-22,Indigenous,8,56,24,21,144,1034,2,118,554,324,36,607,388,39,10.6%
405,Aug-22,All Population,82,289,797,418,743,9724,1114,1156,3837,2942,675,5917,3658,149,100.0%
406,Aug-22,Chronic,20,42,381,230,212,4899,388,511,1638,1885,477,3087,1723,89,50.4%
407,Aug-22,Refugees,21,23,452,220,106,2813,699,379,1252,445,38,1465,1333,15,28.9%
408,Aug-22,Families,28,19,256,241,76,2257,1078,252,674,235,18,980,1275,2,23.2%
409,Aug-22,Youth,4,32,97,23,80,904,0,904,0,0,0,485,361,58,9.3%
410,Aug-22,Single Adult,50,238,444,154,587,6563,0,0,3163,2707,657,4452,2022,89,67.5%
411,Aug-22,Non-refugees,61,266,345,198,637,6911,415,777,2585,2497,637,4452,2325,134,71.1%
412,Aug-22,Indigenous,6,62,28,20,145,971,3,116,512,307,33,580,354,37,10.0%
413,Sep-22,All Population,73,265,791,376,746,9690,1126,1158,3815,2939,652,5855,3688,147,100.0%
414,Sep-22,Chronic,15,49,502,244,193,4978,442,527,1659,1880,470,3131,1755,92,51.4%
415,Sep-22,Refugees,21,19,366,164,92,2976,702,413,1359,460,42,1522,1437,17,30.7%
416,Sep-22,Families,14,6,236,176,70,2221,1095,244,648,218,16,939,1280,2,22.9%
417,Sep-22,Youth,8,20,104,33,80,914,0,914,0,0,0,496,358,60,9.4%
418,Sep-22,Single Adult,51,239,451,167,596,6555,0,0,3167,2721,636,4420,2050,85,67.6%
419,Sep-22,Non-refugees,52,246,425,212,654,6714,424,745,2456,2479,610,4333,2251,130,69.3%
420,Sep-22,Indigenous,7,57,42,25,143,915,2,111,466,305,31,548,335,32,9.4%
421,Oct-22,All Population,49,281,733,453,651,9622,1155,1132,3845,2860,630,5810,3662,150,100.0%
422,Oct-22,Chronic,8,50,409,305,212,4926,426,520,1652,1860,468,3103,1730,93,51.2%
423,Oct-22,Refugees,13,11,403,218,83,3109,728,425,1443,468,45,1600,1491,18,32.3%
424,Oct-22,Families,10,21,319,246,61,2260,1132,242,648,221,17,948,1310,2,23.5%
425,Oct-22,Youth,7,20,65,27,74,889,0,889,0,0,0,479,349,61,9.2%
426,Oct-22,Single Adult,32,240,349,180,516,6473,0,0,3197,2639,613,4383,2003,87,67.3%
427,Oct-22,Non-refugees,36,270,330,235,568,6513,427,707,2402,2392,585,4210,2171,132,67.7%
428,Oct-22,Indigenous,5,78,27,23,112,895,2,106,465,294,28,536,328,31,9.3%
429,Nov-22,All Population,56,370,722,464,565,9711,1134,1139,3930,2882,626,5904,3662,145,100.0%
430,Nov-22,Chronic,11,68,381,295,163,4898,391,516,1655,1864,472,3100,1707,91,50.4%
431,Nov-22,Refugees,15,21,368,248,89,3185,717,437,1495,489,47,1656,1512,17,32.8%
432,Nov-22,Families,5,13,270,236,63,2255,1117,248,641,231,18,949,1304,2,23.2%
433,Nov-22,Youth,9,34,88,43,61,889,0,889,0,0,0,492,338,59,9.2%
434,Nov-22,Single Adult,42,323,364,185,441,6567,0,0,3289,2651,608,4463,2020,84,67.6%
435,Nov-22,Non-refugees,41,349,354,216,476,6526,417,702,2435,2393,579,4248,2150,128,67.2%
436,Nov-22,Indigenous,7,96,32,21,111,897,2,97,474,299,25,549,321,27,9.2%
437,Dec-22,All Population,93,500,1226,503,563,10408,1273,1234,4286,2994,621,6337,3919,152,100.0%
438,Dec-22,Chronic,19,76,414,322,158,4895,379,518,1687,1843,468,3088,1720,87,47.0%
439,Dec-22,Refugees,31,24,605,263,82,3530,803,497,1677,507,46,1869,1643,18,33.9%
440,Dec-22,Families,27,20,554,263,70,2529,1251,290,744,227,17,1082,1445,2,24.3%
441,Dec-22,Youth,12,32,123,29,64,936,0,936,0,0,0,523,353,60,9.0%
442,Dec-22,Single Adult,54,448,549,211,429,6943,0,0,3542,2767,604,4732,2121,90,66.7%
443,Dec-22,Non-refugees,62,476,621,240,481,6878,470,737,2609,2487,575,4468,2276,134,66.1%
444,Dec-22,Indigenous,8,124,52,17,98,978,3,99,523,321,32,606,339,33,9.4%
445,Jan-23,All Population,75,441,813,448,546,10702,1272,1242,4494,3082,612,6511,4018,173,100.0%
446,Jan-23,Chronic,8,56,556,284,190,5015,387,501,1811,1859,457,3140,1784,91,46.9%
447,Jan-23,Refugees,16,30,339,248,97,3575,795,502,1720,518,40,1914,1641,20,33.4%
448,Jan-23,Families,22,14,220,224,50,2508,1245,281,743,223,16,1068,1437,3,23.4%
449,Jan-23,Youth,13,25,103,34,68,959,0,959,0,0,0,538,354,67,9.0%
450,Jan-23,Single Adult,40,402,490,190,428,7235,0,0,3751,2859,596,4905,2227,103,67.6%
451,Jan-23,Non-refugees,59,411,474,200,449,7127,477,740,2774,2564,572,4597,2377,153,66.6%
452,Jan-23,Indigenous,10,104,44,20,107,1018,2,99,558,326,33,627,353,38,9.5%
453,Feb-23,All Population,73,438,865,492,674,10849,1231,1233,4645,3136,604,6638,4030,181,100.0%
454,Feb-23,Chronic,16,57,416,317,152,5001,373,477,1859,1855,437,3146,1761,94,46.1%
455,Feb-23,Refugees,20,34,382,302,114,3592,759,517,1752,526,38,1954,1618,20,33.1%
456,Feb-23,Families,11,13,255,215,108,2458,1213,268,741,219,17,1056,1400,2,22.7%
457,Feb-23,Youth,13,24,110,59,68,963,0,963,0,0,0,543,353,67,8.9%
458,Feb-23,Single Adult,49,401,500,218,498,7428,0,0,3904,2917,587,5039,2277,112,68.5%
459,Feb-23,Non-refugees,53,404,483,190,560,7257,472,716,2893,2610,566,4684,2412,161,66.9%
460,Feb-23,Indigenous,8,105,48,19,105,1067,2,99,603,336,27,661,364,42,9.8%
461,Mar-23,All Population,79,322,801,523,683,10811,1237,1237,4649,3083,605,6614,4017,180,100.0%
462,Mar-23,Chronic,14,53,463,304,135,5091,380,488,1916,1867,440,3196,1805,90,47.1%
463,Mar-23,Refugees,27,26,377,308,91,3633,764,537,1773,516,43,1981,1630,22,33.6%
464,Mar-23,Families,13,10,292,252,37,2475,1224,265,763,206,17,1055,1419,1,22.9%
465,Mar-23,Youth,9,30,106,48,79,971,0,971,0,0,0,543,367,61,9.0%
466,Mar-23,Single Adult,57,282,403,223,567,7365,0,0,3886,2877,588,5016,2231,118,68.1%
467,Mar-23,Non-refugees,52,296,424,215,592,7178,473,700,2876,2567,562,4633,2387,158,66.4%
468,Mar-23,Indigenous,11,77,38,17,117,1078,4,109,596,339,30,661,376,41,10.0%
469,Apr-23,All Population,66,301,766,595,787,10515,1225,1249,4496,2945,600,6426,3912,177,100.0%
470,Apr-23,Chronic,17,36,440,377,153,5017,394,482,1882,1812,447,3159,1775,83,47.7%
471,Apr-23,Refugees,17,20,409,347,80,3663,779,571,1768,506,39,2001,1641,21,34.8%
472,Apr-23,Families,16,10,245,272,43,2432,1215,261,746,199,11,1041,1389,2,23.1%
473,Apr-23,Youth,7,32,103,47,50,986,0,986,0,0,0,550,373,63,9.4%
474,Apr-23,Single Adult,43,259,418,276,694,7097,0,0,3750,2746,589,4835,2150,112,67.5%
475,Apr-23,Non-refugees,49,281,357,248,707,6852,446,678,2728,2439,561,4425,2271,156,65.2%
476,Apr-23,Indigenous,6,88,23,22,151,1023,6,107,566,312,32,628,353,42,9.7%
477,May-23,All Population,68,266,1132,704,773,10453,1242,1272,4494,2845,600,6396,3891,166,100.0%
478,May-23,Chronic,14,35,443,414,175,4917,392,472,1832,1778,443,3107,1729,81,47.0%
479,May-23,Refugees,19,24,764,444,124,3914,779,635,1942,519,39,2187,1708,19,37.4%
480,May-23,Families,21,15,401,323,83,2458,1230,257,764,194,13,1063,1393,2,23.5%
481,May-23,Youth,4,19,166,62,89,1015,0,1015,0,0,0,577,384,54,9.7%
482,May-23,Single Adult,43,232,565,319,601,6980,0,0,3730,2651,587,4756,2114,110,66.8%
483,May-23,Non-refugees,49,242,368,260,649,6539,463,637,2552,2326,561,4209,2183,147,62.6%
484,May-23,Indigenous,4,70,26,21,130,972,9,94,543,295,31,601,333,38,9.3%
485,Jun-23,All Population,47,188,899,446,701,10418,1282,1310,4471,2781,574,6331,3934,153,100.0%
486,Jun-23,Chronic,8,26,648,285,179,5111,528,511,1859,1775,438,3195,1836,80,49.1%
487,Jun-23,Refugees,18,14,576,262,97,4171,780,683,2109,562,37,2335,1817,19,40.0%
488,Jun-23,Families,9,8,287,192,24,2554,1272,277,783,208,14,1124,1429,1,24.5%
489,Jun-23,Youth,7,25,114,40,71,1033,0,1033,0,0,0,589,393,51,9.9%
490,Jun-23,Single Adult,31,155,498,214,606,6831,0,0,3688,2573,560,4618,2112,101,65.6%
491,Jun-23,Non-refugees,29,174,323,184,604,6247,502,627,2362,2219,537,3996,2117,134,60.0%
492,Jun-23,Indigenous,5,51,27,26,172,855,10,80,480,259,26,533,292,30,8.2%
493,Jul-23,All Population,34,148,599,248,807,10110,1279,1314,4339,2626,552,6058,3910,142,100.0%
494,Jul-23,Chronic,12,27,427,160,246,5145,559,530,1899,1729,428,3198,1863,84,50.9%
495,Jul-23,Refugees,12,14,389,117,125,4354,787,720,2225,585,37,2398,1934,22,43.1%
496,Jul-23,Families,6,5,133,83,59,2557,1267,284,779,213,14,1121,1434,2,25.3%
497,Jul-23,Youth,4,18,95,24,71,1029,0,1029,0,0,0,582,399,48,10.2%
498,Jul-23,Single Adult,24,125,371,141,677,6524,0,0,3560,2413,538,4355,2077,92,64.5%
499,Jul-23,Non-refugees,22,134,210,131,682,5756,492,594,2114,2041,515,3660,1976,120,56.9%
500,Jul-23,Indigenous,4,35,17,6,161,749,9,80,402,234,24,464,259,26,7.4%
501,Aug-23,All Population,42,201,539,246,632,9988,1262,1292,4351,2550,533,5968,3892,128,100.0%
502,Aug-23,Chronic,9,35,517,169,194,5338,619,554,2008,1739,418,3294,1962,82,53.4%
503,Aug-23,Refugees,8,19,332,89,113,4525,782,726,2369,606,42,2512,1994,19,45.3%
504,Aug-23,Families,4,6,86,73,46,2539,1251,281,779,213,15,1116,1422,1,25.4%
505,Aug-23,Youth,4,18,82,32,65,1011,0,1011,0,0,0,571,395,45,10.1%
506,Aug-23,Single Adult,34,177,371,141,521,6438,0,0,3572,2337,518,4281,2075,82,64.5%
507,Aug-23,Non-refugees,34,182,207,157,519,5463,480,566,1982,1944,491,3456,1898,109,54.7%
508,Aug-23,Indigenous,5,50,21,17,136,668,7,74,353,213,21,414,232,22,6.7%
509,Sep-23,All Population,49,194,841,348,483,10212,1267,1323,4516,2571,535,6056,4022,134,100.0%
510,Sep-23,Chronic,12,38,624,219,182,5596,727,591,2115,1740,423,3385,2125,86,54.8%
511,Sep-23,Refugees,12,21,605,220,89,4855,799,762,2610,641,43,2668,2162,25,47.5%
512,Sep-23,Families,11,3,200,176,25,2552,1260,283,779,215,15,1111,1440,1,25.0%
513,Sep-23,Youth,3,19,117,34,58,1039,0,1039,0,0,0,579,413,47,10.2%
514,Sep-23,Single Adult,35,172,524,138,400,6621,7,1,3737,2356,520,4366,2169,86,64.8%
515,Sep-23,Non-refugees,37,173,236,128,394,5357,468,561,1906,1930,492,3388,1860,109,52.5%
516,Sep-23,Indigenous,7,57,23,11,88,660,7,69,343,216,25,397,241,22,6.5%
517,Oct-23,All Population,33,165,929,710,502,10111,1223,1303,4536,2518,531,6011,3957,143,100.0%
518,Oct-23,Chronic,13,30,635,492,213,5564,717,610,2102,1705,430,3347,2131,86,55.0%
519,Oct-23,Refugees,11,18,708,512,83,5002,806,758,2744,654,40,2783,2191,28,49.5%
520,Oct-23,Families,2,6,330,377,44,2475,1217,279,756,209,14,1081,1393,1,24.5%
521,Oct-23,Youth,10,16,105,70,57,1023,0,1023,0,0,0,582,391,50,10.1%
522,Oct-23,Single Adult,21,143,494,263,401,6613,0,0,3780,2309,517,4348,2173,92,65.4%
523,Oct-23,Non-refugees,22,147,221,198,419,5109,417,545,1792,1864,491,3228,1766,115,50.5%
524,Oct-23,Indigenous,6,49,29,8,92,649,5,63,337,215,29,389,232,28,6.4%
525,Nov-23,All Population,69,267,1113,550,472,10498,1264,1328,4772,2462,672,6280,4083,135,100.0%
526,Nov-23,Chronic,18,66,729,439,194,5711,692,624,2244,1619,532,3450,2176,85,54.4%
527,Nov-23,Refugees,20,40,808,357,122,5386,847,787,2986,710,56,3027,2330,29,51.3%
528,Nov-23,Families,21,11,367,293,49,2525,1255,275,771,210,14,1095,1429,1,24.1%
529,Nov-23,Youth,7,25,137,73,51,1052,0,1052,0,0,0,601,402,49,10.0%
530,Nov-23,Single Adult,41,231,609,184,372,6921,0,0,4001,2252,658,4584,2252,85,65.9%
531,Nov-23,Non-refugees,49,227,305,193,350,5112,417,541,1786,1752,616,3253,1753,106,48.7%
532,Nov-23,Indigenous,10,65,26,8,80,665,8,62,335,220,40,406,233,26,6.3%
533,Dec-23,All Population,53,266,886,617,447,10607,1264,1349,4873,2594,527,6376,4096,135,100.0%
534,Dec-23,Chronic,4,64,634,504,155,5774,687,631,2339,1703,414,3492,2196,86,54.4%
535,Dec-23,Refugees,10,24,621,399,148,5512,867,801,3059,750,35,3108,2378,26,52.0%
536,Dec-23,Families,14,6,312,309,32,2522,1258,269,779,203,13,1086,1434,2,23.8%
537,Dec-23,Youth,8,19,110,47,56,1079,0,1079,0,0,0,623,411,45,10.2%
538,Dec-23,Single Adult,31,241,464,261,359,7006,0,0,4094,2391,514,4667,2251,88,66.1%
539,Dec-23,Non-refugees,43,242,265,218,299,5095,397,548,1814,1844,492,3268,1718,109,48.0%
540,Dec-23,Indigenous,8,74,18,14,81,679,9,64,340,234,32,414,238,27,6.4%
